SeasonEp,Compound
S01E01,0.02824571428571432
S01E02,0.01837355371900825
S01E03,0.0074369047619047704
S01E04,0.052766176470588275
S01E05,-0.013251069518716579
S01E06,0.004285036496350371
S01E07,0.001448012232415907
S01E08,0.01377606557377051
S01E09,-0.010974698795180721
S01E10,-0.00426612903225807
